{
	"Languages": "语言",
	"NAV_TOGGLE": "开关导航",
	"NAV_DASH_VERSION": "信息中心",
	"NAV_DEV_PORTAL_LINK": "您的开发者门户",
	"NAV_OPEN_PORTAL_LINK": "打开您的门户",
	"NAV_SET_DOMAIN": "设置您的门户域名",
	"NAV_HELP": "帮助",
	"NAV_COMMUNITY": "Tyk 社区论坛",
	"NAV_KNOWLEDGE": "Tyk 知识库",
	"NAV_SUPPORT": "提交支持请求",
	"NAV_LOGOUT": "登出",
	"NAV_DASHBOARD": "网关信息中心",
	"NAV_USAGE_DATA": "API 使用数据",
	"NAV_ACTIVITY_BY_API": "API 的活动",
	"NAV_ACTIVITY_BY_KEY": "密钥的活动",
	"NAV_ACTIVITY_BY_POP": "端点热门程度",
	"NAV_ACTIVITY_BY_GEO": "地理分布",
	"NAV_ACTIVITY_BY_ERR": "错误",
	"NAV_LOG": "日志浏览器",
	"NAV_UPTIME": "运行时间数据",
	"NAV_SERVICE_UPTIME": "服务运行时间信息中心",
	"NAV_UPTIME_TARGETS": "运行时间目标",
	"NAV_SYSTEM_MGMT": "系统管理",
	"NAV_USERS": "用户",
	"NAV_USER_GROUPS": "User groups",
	"NAV_APIS": "API",
	"NAV_KEYS": "密钥",
	"NAV_POLICIES": "政策",
	"NAV_CERTIFICATES": "证书",
	"NAV_WEBHOOKS": "网路钩手",
	"NAV_IDM": "身份管理",
	"NAV_NODES": "节点和许可证",
	"NAV_PORTAL_MGMT": "门户管理",
	"NAV_SETTINGS": "设置",
	"NAV_CAT": "目录",
	"NAV_KEY_REQUESTS": "密钥请求",
	"NAV_DEVS": "开发者",
	"NAV_PAGES": "页面",
	"NAV_MENUS": "菜单",
	"NAV_CSS": "CSS",
	"MODAL_PORTALCNAME_TITLE": "设置您的门户域名",
	"MODAL_LABEL_PORTALCNAME_SUB": "新域名",
	"BUTTON_PORTALCNAME_SET": "设置",
	"BUTTON_GENERAL_CANCEL": "取消",
	"BUTTON_GENERAL_CLOSE": "关",
	"MODAL_PORTALCNAME_HELP": "如果已经为您的组织启用 CNAME，此操作将为您的门户设置域名。请按以下格式输入有效域名，并点击“设置”。您将会看到一条确认所做更改的提醒消息，然后页面将重新加载以载入所做的更改。",
	"DASHBOARD_TITLE": "API 操作信息中心",
	"DASHBOARD_GRAPH": "长期平均使用量",
	"ERROR_BREAKDOWN": "错误明细",
	"TITLE_POP_ENDPOINTS": "最热门的端点",
	"GENERAL_NO_DATA": "没有要显示的数据",
	"GENERAL_PATH": "URL",
	"GENERAL_VISITS": "访问数",
	"GENERAL_ERRORS": "错误数",
	"GENERAL_ERROR": "错误",
	"TITLE_ACTIVE_APIS": "活跃 API",
	"TITLE_ACTIVITY_BY_KEY": "密钥的流量活动",
	"KEY_LABEL": "密钥",
	"GENERAL_REQUESTS_LABEL": "请求",
	"GENERAL_SUCCESS_LABEL": "成功",
	"LAST_ACCESS": "最近一次访问",
	"NO_KEY_SPECIFIED": "[未指定密钥]",
	"NO_NAME_SPECIFIED": "[未指定名称]",
	"PAGING_NEXT": "下一页",
	"PAGING_PREV": "上一页",
	"ACTIVITY_BY_KEY_HELP": "此屏幕按键ID显示活动。 要查看密钥的活动，请单击密钥ID。 要查看指定时间段内的所有Key活动，请使用开始和结束日期。 您也可以搜索找到指定的ID。",
	"TITLE_REQUESTS_OVER_TIME": "请求超时",
	"TITLE_ERRORS_BY_CAT": "按类别列出错误",
	"ERRORS_HELP": "此屏幕显示一段时间里单个 API 密钥的活动，还显示“合并流量”、“错误数”和“成功请求数”。Tyk 平台返回的错误在左侧表格中分组列出。",
	"TITLE_ACTIVITY_BY_API": "每个 API 的流量活动",
	"TITLE_API_NAME": "API 名称",
	"BY_API_HELP": "此屏幕通过API显示活动。 要查看API的活动，请单击API名称。 要查看指定时间段内的所有API活动，请使用开始和结束日期。",
	"API_DESIGNER_TITLE": "API 设计师",
	"EDIT_API": "API 设计师 - 修改 API",
	"API_URL": "API 网址",
	"SAVE_API_URL": "（请保存此 API 以查看网址）",
	"CORE_SETTINGS": "核心设置",
	"VERSIONS": "版本",
	"ENDPOINT_DESIGNER": "端点设计师",
	"UPTIME_TESTS": "运行时间测试",
	"SAVE_BUTTON": "保存",
	"HELP_BUTTON": "显示帮助提示",
	"UPDATE_BUTTON": "更新",
	"EXPORT_BUTTON": "导出",
	"ADVANCED_OPTIONS": "高级选项",
	"DELETE_BUTTON": "删除",
	"BACK_BUTTON": "Back",
	"BaseConfiguration": "基本配置",
	"APISettings": "API 设置",
	"APIName": "API 名称",
	"CustomDomains": "自定义域名",
	"CustomDomains_p1": "您可以为自己的 API 设置自定义域名。Tyk 将监听您设置的自定义域名",
	"CustomDomains_p2": "多个 API 可共享同一域名，只要它们的监听路径具有唯一性。",
	"CustomDomains_p3": "此域名仅影响您的 API，要为您的组织设置门户域名，请在信息中心主设置文件中登记相应域名。",
	"CustomDomains_label": "自定义域名（请勿包含“http://”或“https://”）",
	"ListenPath": "监听路径",
	"ListenPath_Desc": "监听路径指定了 Tyk 进行监听的路径，如果您将其留空，系统将自动填入 API 的 ID。",
	"StripTheListenPath": "去除监听路径",
	"StripTheListenPath_help": "如果选中此项设置，则 Tyk 将从入站网址中移除上述监听路径，以免其干扰上行路由。",
	"APISlug": "API 嵌套",
	"TargetURL": "目标网址",
	"TargetURL_Label":"Supported protocol schemes: http, https, tcp, tls, tyk. If empty, fallback to default protocol of current API.",
	"EnableRoundRobinLoadBalancing": "启用轮询负载均衡",
	"EnableRoundRobinLoadBalancing_help": "Tyk 可针对一系列上行目标执行轮询负载均衡，您需要使用以下字段添加所有目标。",
	"AddLBTargets": "添加 LB 目标",
	"AddButton": "添加",
	"UpstreamTargets": "上行目标",
	"ServiceDiscovery": "服务发现",
	"ServiceDiscovery_help": "Tyk 支持通过配置 etcd 或 Eureka 等服务器来实现服务发现，事实上，任何返回 JSON 对象的服务均可使用服务发现模块。",
	"EnableServiceDiscovery": "启用服务发现",
	"QueryEndpoint": "查询端点",
	"TargetPath": "目标路径（指向目标的域名:端口构造之后的路径）",
	"DoesThisEndpointReturnAList": "此端点是否返回一个列表？",
	"AreTheValuesNested": "值是否嵌套？",
	"ParentDataPath": "父级数据路径",
	"DataPath": "数据路径",
	"IsPortInformationSeparateFromTheHostname": "端口信息是否与主机名分开？",
	"PortDataPath": "端口数据路径",
	"DoesTheEndpointProvideATargetList": "端口是否提供目标列表？",
	"CacheTimeout": "缓存超时",
	"MakeAPIActive": "激活 API",
	"Active": "活跃",
	"APIIsActive": "API 处于活跃状态",
	"TargetDetails": "目标详情",
	"AuthenticationMode": "身份验证模式",
	"StripAuthorizationData": "带授权数据",
	"AuthenticationToken": "认证令牌",
	"AuthKeyHeaderName": "身份验证密钥的标头名称",
	"AllowQueryParameterAsWellAsHeader": "允许使用查询参数和标头",
	"ParameterName": "参数名称（如留空，将使用标头值）",
	"UseCookieValue": "使用 Cookie 值",
	"EnableClientCertificate": "启用客户端证书",
	"SearchCertificateID": "按证书编号搜索",
	"CookieName": "Cookie 名称（如留空，将使用标头值）",
	"JWTSigningMethod": "JWT 签名方式",
	"FilterAPI": "过滤 API",
	"IdentitySource": "身份来源",
	"IdentitySource_help": "对于任何用于在各个 API 之间跟踪此用户的内部令牌，此字段将构成其身份元数据的基础（必填）",
	"PolicyFieldName": "政策字段名称",
	"PolicyFieldName_help": "在查找适用于携带此令牌的身份的政策 ID 时，将查询此字段。如果身份来源发生改变，政策*可能会*重置。",
	"ClockSkew": "时钟偏移（设置为0或-1以禁用）",
	"EnableRateLimitingOnAPerUserPerClientBasis": "针对每位用户/每个客户端启用速率限制",
	"EnableRateLimitingOnAPerUserPerClientBasis_help": "启用此选项会使用户受到不同的速率限制，具体取决于他们所使用的客户端。例如，如果鲍勃通过应用 A 访问 API，他的速率限制为 100/s，配额为每分钟 1000，但如果鲍勃通过应用 B 访问 Tyk，则他的速率限制和配额将按照完全分开的区间进行计算。",
	"AddIssuersClientsAndPolicies": "添加发布者、客户端和政策",
	"AddIssuersClientsAndPolicies_help": "OpenID Connect 仅允许验证有效的发布者和已登记的客户端 ID。在下面添加您的发布者，对于由发布者管理的每个客户端，添加适用于已登记到该客户端的令牌的相应政策（首次设置时，您可能需要先保存 API，然后创建针对 API 的政策，之后才能添加该政策）。",
	"RemoveLink": "移除",
	"ClientID": "客户端 ID",
	"Policy": "政策",
	"Action": "操作",
	"DeleteClient": "删除客户端",
	"AllowedAccessTypes": "允许的访问类型",
	"RefreshToken": "刷新令牌",
	"ClientCredentials": "客户端凭证",
	"AllowedAuthorizeTypes": "允许的授权类型",
	"Token": "令牌",
	"OAuthLoginRedirect": "OAuth 登录重定向",
	"OAuthNotificationsURL": "OAuth 通知网址",
	"OAuthNotificationsSharedSecret": "OAuth 通知共享密钥",
	"AuthModeToken_help": "令牌模式是最简单的整合方式，只需要 API 用户纳入一个使用下面指定的密钥标头（默认的 HTTP 标准为授权）。",
	"AuthModeOAuth_help": "Tyk 支持多种 OAuth 整合方式，要查看有关 Tyk 所支持的 OAuth 流的完整说明，请访问 Tyk 文档网站的“OAuth 流”部分。",
	"AuthModeBA_help": "基本身份验证需要用户名和密码，Tyk 会将用户名存储为验证令牌，可以在 API 管理器的“密钥”部分查看这些令牌。",
	"AuthModeHMAC_help": "HMAC 身份验证需要格式严格的授权标头，并使用密钥和对密钥进行编码的时间戳，如果需要增加安全性，HMAC 密钥签名很有帮助，请查看 Tyk.io 上的相关文档了解详情。",
	"AuthModeKeyless_help": "无密钥的访问将禁用所有速率限制、安全检查和请求验证，因为不会随着请求跟踪会话数据。仍然会收集分析数据，但其详细程度不如采用任一加密方式的数据。",
	"AuthMode_help": "请选择授权模式，因为快速入门式的“打开”将导致建立直接代理。",
	"VersionManager": "版本管理器",
	"VersionSettings": "版本设置",
	"DoNotUseVersioning": "不使用版本控制",
	"VersionDataLocation": "版本数据位置",
	"Header": "标头",
	"InvalidateCache": "无效缓存",
	"InvalidateCache_help": "如果您的缓存正在维护旧的数据，或者您发现缓存数据存在问题，Tyk可能会使您的API缓存无效 - 这是一项昂贵的操作，因此应该不经常使用。",
	"URLOrFormParameter": "网址或形式参数",
	"FirstURLElement": "首个网址元素（例如 /v1/resource/id）",
	"VersionIdentifierKeyName": "版本标识符密钥名",
	"Versions": "版本",
	"DefaultVersion": "设置一个默认的API版本",
	"ChooseVersion": "选择一个版本",
	"Version": "版本",
	"Versions_heAdd versions using the fields belowlp": "使用以下字段添加版本... 将过期版本所对应的字段留空，以便用于永不过期的版本。",
	"OverrideTargetHost": "覆盖目标主机",
	"AddVersion": "添加版本",
	"EndpointDesigner": "端点设计师",
	"EditVersion": "修改版本",
	"Method": "方式",
	"Plugins": "插件",
	"SelectPlugin": "选择插件",
	"ActivePlugins": "活跃插件",
	"PluginOptions": "插件选项",
	"PluginBundleID": "插件包ID",
	"PluginBundleID_help": "如果您的网关中配置了plugin bundler下载机制，那么您可以在此指定一个捆绑ID，以便Tyk从诸如HTTP服务器之类的人工制品源中加载API加载。",
	"AddEndpoint": "添加端点",
	"EndpointDesigner_help": "使用 API 设计师管理 Tyk 处理具体端点的方式。默认情况下，Tyk 将代理所有请求，您无需在此处列出完整 API 结构，除非将端点加入白名单。",
	"AddNewEndpoint": "添加新端点",
	"Options": "选项",
	"CacheOptions": "缓存选项",
	"CachingMiddleware": "缓存中间件",
	"EnableCaching": "启用缓存",
	"EnableUpstreamCacheControl": "启用上行缓存控制",
	"CacheOnlyTheseStatusCodes": "仅缓存这些状态代码",
	"GlobalCache": "全局缓存",
	"GlobalCache_help": "缓存所有安全请求（GET、HEAD、OPTIONS）- 覆盖各版本中每个路径的缓存设置，应用于各个版本",
	"CORS_options_title": "跨域资源共享 (CORS)",
	"CORSOptions": "CORS 选项",
	"EnableCORS": "启用 CORS",
	"AllowCredentials": "允许凭据",
	"MaxCredentialsAge": "凭据时间上限",
	"OptionsPassThrough": "选项传递",
	"AllowedOrigins": "允许的来源",
	"AddDomain": "添加域",
	"AllowedMethods": "允许的方式",
	"AddMethod": "添加方式",
	"AllowedHeaders": "允许的标头",
	"AddHeader": "添加标头",
	"ExposedHeaders": "公开的标头",
	"AddExposedHeader": "添加公开标头",
	"ConfigData": "配置数据",
	"ConfigData_help": "您可以将自定义属性传递给中间件或虚拟端点。 应该是一个有效的JSON对象，例如：{\"foo\": \"bar\"}",
	"BatchRequests": "批量请求",
	"BatchRequestSupport": "批量请求支持",
	"BatchRequestSupport_help": "Tyk 支持批量请求，提交到 /tyk/batch 的请求格式应遵照我们网站上记录的 API 请求格式，这些请求将针对目标 API 同步或异步执行。",
	"EnableBatchRequestSupport": "启用批量请求支持",
	"SegmentTagsNodeSegmentation": "细分标记（节点细分)",
	"APISegmentTags": "API 细分标记",
	"APISegmentTags_help": "使用 Tyk 的自托管版本，您可以将自己的 API 按节点子集细分，前提是这些节点已配置为按匹配标记过滤。在下面添加您的标记，以便细分后的节点可以有选择地载入和传送 API 请求。",
	"NewTag": "新标记",
	"TagsForThisAPI": "用于此 API 的标记",
	"WhitelistedIPs": "已加入白名单的 IP",
	"EnableWhiteListedIPs": "启用已加入白名单的 IP",
	"EnableWhiteListedIPs_help": "已加入白名单的 IP 将请求的源地址限制为经选择的一组地址。",
	"EnableWhiteListedIPs_empty": "未选择 IP，请在下面添加地址。",
	"IPAddress": "IP 地址",
	"AddIPAddress": "添加 IP 地址",
	"Webhooks": "网路钩手",
	"ActiveHooks": "活跃钩",
	"ActiveHooks_help": "目前没有用于此 API 的活跃网路钩手。此 API 的特定事件可触发网路钩手，一个事件可触发多个钩。",
	"PreserveHostHeader": "保留主机头",
	"PreservedHostHeaderSupport": "启用保留的主机头",
	"PreservedHostHeaderSupport_help": "启用保留的主机头以保持客户端请求的主机头，而不是将其替换为目标URL中的主机",
	"EnablePreservedHostHeaderSupport": "启用保留主机头",
	"APIEvent": "API 事件",
	"QuotaExceeded": "超出配额",
	"RateLimitExceeded": "超出速率限制",
	"AuthenticationFailure": "验证失败",
	"Authentication": "认证",
	"KeyExpired": "密钥已失效",
	"KeyExpiry": "关键到期",
	"VersionAccessFailure": "版本访问失败",
	"CircuitBreakerTripped": "断路器已跳闸",
	"CircuitBreakerReset": "断路器已重置",
	"UptimeTestHostIsDown": "运行时间测试主机已断开",
	"UptimeTestHostIsUp": "运行时间测试主机已连接",
	"WebhookToUse": "要使用的网路钩手",
	"CooldownPeriodSeconds": "冷却期（秒）",
	"AddHook": "添加网路钩手",
	"Warning": "警告",
	"UptimeTestFilter": "运行时间测试过滤器",
	"UseUptimeTestsWithTargetURL": "使用带目标网址的运行时间测试",
	"UseUptimeTestsWithTargetURL_help": "启用此选项后，Tyk 将检查在运行时间测试中停机的主机的目标网址。此选项仅可与轮询负载均衡一起使用，因为它会导致 Tyk 跳过“断开的”主机并转到“连接的”主机，然后才发出代理请求。",
	"CheckHostAgainstDowntimeList": "针对停机列表检查主机",
	"TestConfigurationSource": "测试配置来源",
	"UseServiceDiscovery": "使用服务发现",
	"UptimeServiceDiscovery_help": "Tyk 支持通过 etcd、consul 或 Eureka 等配置服务器来设置您的堆栈内的运行时测试，事实上，任何返回 JSON 对象的服务均可使用服务发现模块。",
	"UseADiscoveryService": "使用发现服务",
	"UptimeTestOptions": "运行时间测试选项",
	"CheckURLs": "检查网址",
	"CheckURLs_help": "使用以下按钮添加要检查的网址，您可以根据自己的需要添加任意多个网址，以确保您的服务是有效的。",
	"Remove": "移除",
	"Edit": "修改",
	"ServiceDiscoveryOptions": "服务发现选项",
	"DeleteAPI": "删除 API",
	"Delete_warn": "将删除此 API 的所有记录，任何用户或密钥将不会得到代理，所有设置均将丢失。您确定要继续？",
	"UpdateAPI": "更新API",
	"Update_warn": "这将更新该API的所有记录。你确定要继续吗？",
	"PathDetails": "路径详情",
	"EditKey": "修改密钥",
	"AddKey": "添加密钥",
	"DeleteKey": "删除键",
	"Delete_key_warn_1": "这将删除密钥",
	"Want_to_continue_warning": "你确定你要继续吗？",
	"KeyHasBeenCreated": "您的密钥已创建",
	"CopyKeyAlert": "复制你的钥匙，你离开这个页面后再看不到",
	"KeyValue": "关键的价值",
	"EditTheKeyParametersForThisKey": "修改此密钥的关键参数",
	"EnforceHMACRequestSigning": "强制执行 HMAC 请求签名",
	"ForceKeyToSignAllRequestsWithAnHMACSignature": "强制密钥使用 HMAC 签名来签署所有请求。",
	"BasicAuthentication": "基本身份验证",
	"ThisIsAUsernameForBasicAuthenticationAccess": "这是用于基本身份验证接入的用户名",
	"JSONWebToken": "JSON 网络令牌",
	"ThisIsAJWTID": "这是一个 JWT ID",
	"JWTSettings": "JWT 设置",
	"JWT_help_p1": "JSON 网络令牌支持目前与 HMAC 密钥（共享）或 RSA 公共密钥一起使用，请根据 API 的安全政策要求，输入共享密钥或下面的用户公共密钥。",
	"JWT_help_p2": "对于支持 JWT 的 API，用户必须添加所生成的令牌，方法是保存此表单，然后将其添加到 JWT 的 [kid] 标头中，或者将其添加为 JWT 正文中的 [sub]（主题）声明中，系统总是首先检查 [kid] 标头。",
	"HMACSecret": "HMAC 密钥",
	"HMACNoSecret": "此用户没有 HMAC 密钥，请生成一个新密钥。",
	"UserDetails": "用户详情",
	"UserID": "用户名",
	"UserEmail": "用户电子邮件",
	"Username": "用户名",
	"Password": "密码",
	"CurrentPassword": "当前密码",
	"ConfirmPassword": "确认密码",
	"ApplyPolicy": "Apply Policy",
	"ApplyPolicy_help": "All keys can be assigned to a policy. A policy determines the rate limits and quota assigned to a key. Policies override Key settings.",
	"ApplyPolicies": "应用政策",
	"ApplyPolicies_help": "所有密钥都可以分配给策略。 策略确定分配给密钥的速率限制和配额。 策略覆盖密钥设置。",
	"AvailablePolicies": "可用政策",
	"None": "无",
	"RateLimiting": "速率限制",
	"RateLimitingAndQuotas": "价格限制和配额",
	"DisableRateLimits": "禁用速率限制",
	"GlobalRateLimiting": "全局速率限制",
	"DisableRateLimits_help": "在某些情况下，例如在用于服务到服务调用的API中，设置速率限制是没有帮助的。 通过启用此选项，速率限制器将不会用于此API。",
	"GlobalRateLimiting_help": "打开整个API的全局速率限制。 关键具体速率限制仍将起作用，但是单独的API全局速率限制器将具有较高的优先级，并将所有密钥进行聚合。",
	"Rate": "速率",
	"PerSeconds": "每（秒）",
	"Expires": "过期",
	"ExpiresAfter": "到期后",
	"hour": "小时",
	"hours": "小时数",
	"week": "星期",
	"month": "月份",
	"months": "月数",
	"NeverExpires": "永不过期",
	"DisableQuotas": "禁用配额",
	"DisableQuotas_help": "在某些情况下，例如在用于服务到服务调用的API中，配置配额甚至被检查是没有帮助的。 通过启用此选项，配额机制将被忽略。",
	"UsageQuotas": "使用配额",
	"MaxQuota": "最大配额（每个时期的请求数）：输入 -1 表示无限配额",
	"QuotaResetsEvery": "每次配额重置",
	"RemainingRequestsForPeriod": "相应时期的剩余请求数",
	"AccessRights": "访问权利",
	"UserHasAccessTo": "用户有权访问",
	"NoAccessRights": "未定义访问规则，密钥将拥有完全访问权限",
	"AddAccessRule": "添加访问规则",
	"TagHeaders": "标签标题",
	"Tags": "标记",
	"Tags_help": "可以使用元数据标记密钥，将传递到此密钥的分析记录中。标记可应用于政策级别",
	"TagsPolicies_help": "可以使用元数据标记密钥，将传递到此密钥的分析记录中。标记可应用于政策级别",
	"TagName": "标记名称（区分大小写）",
	"AttachedTags": "所附标记",
	"MetaData": "元数据",
	"MetaData_help": "Tyk 密钥可存放元数据，用在某些中间件组件中，例如用户 ID",
	"MetaDataKey": "元数据密钥（区分大小写）",
	"AttachedMetaData": "所附元数据",
	"Alias": "别名",
	"Alias_help": "别名对于识别分析数据中的令牌或调试错误日志中的问题用户很有用 （例如，用户电子邮件或内部 ID）。对于经过哈希处理的密钥集，无法检索原始令牌，而别名提供了一种识别最终用户的有用方法，而不会破坏令牌本身的安全性。）",
	"Create": "创建",
	"UpdateWithoutQuotaReset": "更新且不重置配额",
	"DeleteApiKey": "删除 API 密钥",
	"DeleteKey_warning": "将删除 API 密钥，使用该密钥的用户将不再有权访问 API。您确定要继续？",
	"Help": "帮助",
	"Key_help_box": "此表单将设置特定密钥的访问权限。可启用多项设置，包括配额设置、速率限制和特定 API 版本的访问规则。",
	"SelectASessionProviderToListKeys": "选择一个会话提供者以列出密钥",
	"APIStorageBackendsAndTheirAPIs": "API 存储后端及其 API",
	"NoAPIs": "没有 API",
	"ProviderHostAPIs": "提供者/主机 API",
	"Certificates": "证书",
	"Certificate": "证书",
	"SelectCertificate": "请先选择一个证书!",
	"UpstreamCertificates": "上游证书",
	"CertificateDetails": "证书详情",
	"CertificatesList": "证书列表",
	"CertificateID": "证书ID",
	"DeleteCertificate": "删除证书",
	"DeleteCertificate_warning": "这将删除证书",
	"DeleteCertificate_warning_question": "你确定你要继续吗?",
	"AttachedCertificateKey": "如果此证书附加到密钥，密钥将被删除。",
	"AddNewCertificate": "Add new certificate",
	"AddCertificate": "Add certificate",
	"AddPublicKey": "添加证书",
	"AddNewPublicKey": "添加证书",
	"AddNewCertificate": "添加新的证书",
	"AddCertificateSuccessMessage": "证书已成功添加",
	"AttachCertificate": "附上证书",
	"NoUploadedCerts_message": "上传的证书将显示在这里",
	"AddCertificate_help": "将证书添加到Tyk并获取其ID后，可以在您的API定义，Keys和Tyk配置文件中引用它。",
	"EditCertificate_help": "您可以在您的API定义，Keys和Tyk配置文件中引用此证书ID。",
	"EnableKeyCertificate": "使用您的客户端证书进行身份验证",
	"KeyCertificate_help": "如果客户端证书附加到密钥上，Tyk将尝试通过检查他的SSL客户端证书（如果提供）来自动验证用户。",
	"UploadCertificate": "上传证书",
	"EditCertificate": "编辑证书",
	"CertificateDetails": "证书详情",
	"Certificate_upload": "以PEM格式上传新的SSL证书。 如果证书应该有私钥，则将公共证书和关联的私钥都转换为PEM格式，并将它们连接到单个文件。",
	"UploadCertificateFile": "上传证书文件",
	"SearchByCertId": "按证书ID搜索",
	"Certificates_help": "在此屏幕上，您可以看到添加到Tyk的所有证书。 它不包括来自文件系统的证书或在组织外部添加的证书。",
	"ApiAuthentificationMutualTLS": "只有列入白名单的SSL证书的客户才能访问您的API。",
	"AddCertificateByID_help": "指定位于网关服务器上的证书文件的现有证书ID或路径。",
	"UpstreamCertificates_help": "您可以指定Tyk用于执行对上游API的请求的客户端SSL证书。 您可以为每个域指定1个证书。 证书应采用PEM格式，并包含公共证书和私钥。",
	"AttachedCertificate": "证书当前附加到一个或多个API和/或密钥。 删除它将从所有这些API和/或密钥中删除它。",
	"MutualTLS": "相互TLS",
	"Keys": "密钥",
	"KeyManagement": "关键管理",
	"SearchKeys": "关键搜索",
	"KeysAreEncrypted": "密钥被加密。 搜索确切的键进行编辑",
	"ApiKey": "Api Key",
	"ViewKeysForStorageProvider": "查看存储提供者的密钥",
	"StorageProvider": "存储提供者",
	"ViewKeys": "查看密钥",
	"Keys_help_p1": "Tyk 密钥可存放在多个会话存储空间中，您的 API 按照其存储后端进行分组，如果已实施第三方会话引擎，密钥将分开存放在默认的（redis）存储中。",
	"Keys_help_p2": "存储引擎不会影响特定密钥既有的访问控制，单个密钥可联合用于多个存储/身份提供者。",
	"Keys_help_p3": "对于大多数设置，单个存储引擎已足够。",
	"Keys_help_p4": "如果某个 API 未列出，它可能在 API 控制面板中被标记为不活跃。只能针对活跃 API 创建新密钥。如果某个 API 已停用，其密钥如未过期，则仍会在相关的密钥库中列出，即使未列出 API 名称，该密钥也会显示。",
	"NoAPIKeysToDisplay": "没有要显示的 API 密钥",
	"APIKey": "API 密钥",
	"Manage": "管理",
	"Keys_list_p1": "这些是目前在 Tyk 网关上处于活跃状态的所有密钥。要更新密钥，只需选择“修改”按钮，然后对其参数进行设置。",
	"Keys_list_p2": "警告：删除密钥的操作不可撤消，此操作将撤消密钥持有者对您 API 的访问权限。",
	"RegisteredAPIConfigurations": "已登记的 API 配置",
	"RegisteredAPIs": "已登记的 API",
	"CreatedAPIS": "创建 API",
	"NoAPIConfigurationsToDisplay": "没有要显示的 API 配置",
	"ApiID": "API ID",
	"Target": "目标",
	"Status": "状态",
	"OauthClients": "Oauth 客户端",
	"AddNewAPI": "添加新 API",
	"ImportAPI": "导入 API",
	"APIs_help_p1": "此页面列出了Tyk群集中所有已注册的API。 您可以更新您的API，更改将在整个系统中传播，以生效。",
	"APIs_help_p2": "警告：删除API无法撤消，并将撤销对当前设置为具有API访问权限的任何密钥的访问权限。",
	"APIs_help_p3": "灰色的API是系统代理，虽然仍然可以编辑，但不推荐。 例如，如果您的安装设置为通过Tyk网关代理Tyk Portal。",
	"ImportAnAPIDefinition": "导入 API 定义",
	"FromTykDefinition": "来自 Tyk 定义",
	"FromApiaryBlueprintJSON": "来自 Apiary 蓝图（JSON）",
	"FromSwaggerJSON": "来自 Swagger (JSON)",
	"APIDef_help": "您可以通过将其粘贴到下面的代码编辑器中来导入基于文件的定义。 点击生成API，配置将被评估并存储在数据库中。 API添加时将处于非活动状态，然后需要手动激活。",
	"Blueprint_help_p1": "Tyk 现在支持根据 Apiary 蓝图创建 API 定义。Tyk 要求相应的蓝图必须采用 JSON 格式，不得简化。将您的文档剪切并粘贴到以下表单中，然后点击“生成 API”。",
	"Blueprint_help_p2": "要利用蓝图中的示例数据创建模拟，只需选中“创建模拟”复选框，Tyk 将对您的网址格式做出示例响应。",
	"CreateMockAPI": "创建模拟 API",
	"UpstreamTarget": "上行目标",
	"VersionName": "版本名称",
	"InsertIntoExistingAPIAsNewVersion": "插入到现有 API 中作为新版本",
	"SwaggerImport_help_p1": "Tyk 现在支持根据 Swagger 文档创建基本 API 定义。只需将您的文档剪切并粘贴到以下表单中，然后点击“生成 API”。",
	"SwaggerImport_help_p2": "Swagger 无法导入模拟数据，这需要使用 API 设计师进行手动管理。",
	"GenerateAPI": "生成 API",
	"TrackedEndpoint": "没有终点跟踪数据。 跟踪端点设计器插件中的端点，以便数据在此处显示。",
	"EndpointPopularity": "端点热门程度",
	"Endpoint": "端点",
	"EndpointPopularity_help_p1": "此屏幕显示端点的活动。 要查看端点的活动，请单击端点名称。",
	"EndpointPopularity_help_p2": "要添加其他端点，请在API Designer中的Endpoint Designer中创建一个端点，然后从“选择”下拉列表中选择“跟踪此端点”。",
	"ActivityForEndpoint": "端点的活动",
	"EndpointPopDetail_help_p1": "此页显示单个端点的 API 活动详情，要更改日期范围或图表分辨率，请使用上方图表中的下拉菜单。错误表格显示 Tyk 针对该端点报告的所有错误。",
	"AverageErrorsOverTime": "一段时间的平均错误数",
	"ErrorsPage_help": "此图表显示您的API的全局错误响应。 使用上图中的下拉菜单更改频率和分辨率。 错误由错误代码分类，无法解码的错误由其原始代码显示。",
	"GeographicDistribution": "地理分布",
	"Map": "地图",
	"CountryCode": "国家/地区代码",
	"GeoHelp": "此屏幕显示国家/地区的活动。 要按国家/地区查看活动，请单击列表中的国家/地区代码。 要查看指定时间段内的活动，请使用开始和结束日期。",
	"GeographicTrafficFor": "区域流量",
	"ErrorsByCategoryForCountry": "按国家/地区类别显示的错误",
	"GeoDetail_help_p1": "此屏幕显示一段时间里单个国家/地区的 API 活动，将显示“合并流量”、“错误数”和“成功请求数”。Errors returned by the Tyk 平台返回的错误在左侧表格中分组显示。",
	"KeySearch": "关键搜索",
	"ThisIsAUsername": "这是一个用户名",
	"LookupKey": "查找密钥",
	"ViewingKeyRequest": "查看密钥请求",
	"KeyRequests": "密钥审批请求",
	"KeyRequest": "密钥请求",
	"KeyRequestStatus": "关键请求状态",
	"Pending": "有待",
	"Email": "电子邮件",
	"RequestDetails": "请求详情",
	"RequestingAccessTo": "请求访问",
	"Approve": "批准",
	"KeyRequestDetailHelp_p1": "当用户尝试通过注册获得密钥时，他们就会创建密钥请求，可以让 Tyk 自动批准这些请求，不过，如果您已经建立手动审批流程，也可以使用此屏幕来批准或拒绝开发者请求。",
	"KeyRequestDetailHelp_p2": "批准请求将生成 API 密钥，如果 Tyk 采用哈希密钥模式（一种对开发者 API 密钥进行模糊处理的安全功能，），则此密钥仅可查看一次。这意味着管理员需要将密钥手动提供给开发者。",
	"SelectAKeyRequestToView": "选择要查看的密钥请求",
	"NoKeyRequestsToDisplay": "没有要显示的密钥请求",
	"ID": "ID",
	"Submitted": "已提交",
	"Approved": "已批准",
	"KeyRequestListHelp": "密钥请求由希望通过注册获得访问某个 API 的权限的开发者创建。",
	"LogViewer": "日志查看者",
	"StartDateTime": "开始日期/时间",
	"EndDateTime": "结束日期/时间",
	"LimitToToken": "令牌限制",
	"ErrorsOnly": "仅错误",
	"FilterForErrors": "按错误过滤",
	"Logs": "日志",
	"NoAPILogsToDisplay": "没有要显示的 API 日志",
	"StatusCode": "状态代码",
	"Time": "时间",
	"View": "查看",
	"RequestMetadata": "请求元数据",
	"UserAgent": "用户代理",
	"Timestamp": "时间戳",
	"Latency": "延时",
	"milliseconds_short": "（毫秒）",
	"GatewayMetadata": "网关元数据",
	"API": "API",
	"AccessToken": "访问令牌",
	"OAuthClient": "OAuth 客户端",
	"Request": "请求",
	"Response": "响应",
	"ActiveTykNodes": "活跃的 Tyk 节点",
	"ActiveNodes": "活跃节点",
	"NoNodesRunning": "没有节点在运行！",
	"LicenseID": "许可证 ID",
	"UpdateLicense": "更新许可证",
	"LicensePoolDepleted": "许可证池已耗尽",
	"LicensePoolDepleted_help": "此信息中心的所有可用的许可证似乎已耗尽。请升级您的许可证，以确保您能扩大规模。",
	"LicenseDetail": "许可证详情",
	"Data": "数据",
	"Value": "价值",
	"TotalAvailable": "可用总量",
	"Remaining": "剩余",
	"NodesHelp_p1": "此页显示本信息中心所检测到的当前处于活跃状态的 Tyk 节点。Tyk 节点是指动态分配的来自您的许可证池的许可证 ID。",
	"NodesHelp_p2": "Tyk 节点大约每 5 秒发送一次检测信号，如果发送信号的时间间隔超出 30 秒，信息中心将认为该节点处于不活跃状态，这意味着此列表直到 30 秒之前有效。",
	"UpdateYourLicense": "更新许可证",
	"UpdateLicense_help": "如果您已经拥有许可证密钥，请使用以下表单和按钮来更新处于活跃状态的许可证：",
	"UseThisLicense": "使用此许可证",
	"ViewAppDetailsAndAnalytics": "查看 OAuth 应用详情和分析",
	"AppDetails": "应用详情",
	"ClientSecret": "客户端密钥",
	"RedirectURI": "重定向 URI",
	"DeleteOAuthClient_help": "删除此客户端 ID 不会撤销迄今为止已创建的任何密钥，但该客户端将无法再请求、创建或刷新密钥。您是否要继续？",
	"OAuthClient_help": "目前无法修改 APP 详情，如要修改应用配置，应该创建带有所需配置的新应用。",
	"OAuth2ClientsFor": "OAuth2 客户端",
	"RegisteredApps": "已登记的应用",
	"NoOAuth2AppsToDisplay": "没有要显示的 OAuth2 应用",
	"AppID": "应用 ID",
	"AddNewClient": "添加新客户端",
	"AddClient_help_p1": " 此页显示所有已经在您的 Tyk 实例中登记的 OAuth2 客户端。如果您的 API 使用 OAuth2 身份验证流，客户端将需要预先登记若干详细信息，才能获得授权，以便代表您的用户请求身份验证令牌。",
	"AddClient_help_p2": "警告：删除应用的操作不可撤消，此操作不会撤消对已经向令牌授予的任何密钥的访问权限，直至其期满失效。",
	"PortalAPICatalogue": "门户 API 目录",
	"YourCatalogueAPIs": "您的目录 API",
	"NoAPIsRegisteredForThePortal": "此门户没有已登记的 API。",
	"Enabled": "已启用",
	"Documentation": "文档",
	"Hidden": "隐藏",
	"PortalCatalogue_help": "在这里，您可以查看您向门户公开的API，此处注册的API支持Swagger和API蓝图格式，并可通过特定策略附加API请求的密钥。",
	"EditAPIEntry": "修改 API 条目",
	"AddAPIToCatalogue": "将 API 添加到目录",
	"ModifyTheParametersForThisAPIEntry": "修改此 API 条目的参数",
	"SelectAPIToPublish": "选择要发布的 API",
	"ListedAPIs": "已列出的 API",
	"PublicAPIName": "公开的 API 名称",
	"Name": "名称",
	"PolicyToApplyToKeyRequests": "适用于密钥请求的政策",
	"CurrentPolicyForThisPlanIs": "适用于本计划的现行政策是：",
	"CataloguePolicySelect_help": "政策即用户可注册加入的“计划”。政策汇总了多个 API 及版本的访问权利，以及适用于令牌和密钥的速率限制及配额",
	"Description": "说明",
	"Description_help": "这些显示在您的 API 目录模板中，还会显示在您门户中引用了 API 的任何位置，可能包含简化版以满足样式要求",
	"DescribeThisAPIInAFewWords": "简要描述此 API",
	"GiveUsALittleDetailCanContainMarkdown": "略微详细地描述（可包含简化版）",
	"Documentation_help_p1": "Tyk门户支持三种格式的文档：手册（CMS页面），Swagger和API蓝图。",
	"Documentation_help_p2": "对于手册文档，您可以从“门户网站管理”>“页面”选项添加它。 您可以使用Markdown格式的文本。",
	"Documentation_help_p3": "对于Swagger样式文档，请单击附加文档并选择从Swagger文件。 将您的Swagger JSON复制并粘贴到文本框中。 您可以使用模板文件夹中的Swagger模板文件来格式化文档的样式。 如果您的Swagger文件通过面向公众的URL提供，您可以选择From Swagger URL并在该字段中输入URL。",
	"Documentation_help_p4": "如果您使用API Blueprint，Tyk将使用Aglio系统来生成您的API文档。 这意味着Aglio需要安装在仪表板系统上。 可以使用门户模板目录中的“jade”文件夹修改和定制Aglio外观。",
	"AttachDocumentation": "附加文档",
	"AttachDocumentation_help": "这个API有文档。",
	"ViewDocumentation": "查看文档",
	"DeleteDocumentation": "删除文档",
	"EditDocumentation": "Edit Documentation",
	"ExistingDocs_help": "只可以将文档添加到已保存的 API，因此请先保存此 API。",
	"DeleteAPIEntry": "删除 API 条目",
	"DeleteAPIEntry_warning": "仅删除目录中的 API 条目以及任何附加文档。有权访问该 API 的 API 密钥仍有访问权限，必须单独清除或停用。",
	"APIDevPoral": "在开发者门户中显示/隐藏API",
	"APIPortalDesc": "选中下面的框将显示开发人员门户中的目录中的API",
	"ShowAPI": "显示 API",
	"CatalogueDetail_help": "您可在此配置 API 目录列表。",
	"ImportAPIDocumentation": "导入 API 文档",
	"FromSwaggerFile": "来自 Swagger 文件",
	"FromSwaggerURL": "来自 Swagger 网址",
	"FromAPIBlueprint": "来自 API 蓝图",
	"DeleteDocumentation_warning": "将从 API 中移除此文档，立即生效，您确定要继续？如果 API 有效，用户将再也不能访问该文档。",
	"UpdateYourPortalConfiguration": "更新您的门户配置",
	"PortalSettings": "门户设置",
	"PortalSettingsHelp_1": "配置开发者与门户的交互方式。禁用用户注册和登录意味着开发者仍有权访问文档，但无法通过自动注册获得 API 访问权限。",
	"DisableDeveloperSignup": "禁用开发者注册",
	"DisableDeveloperSignup_help": "阻止开发者注册，必须以手动方式创建开发者，或者通过密钥管理 API 向开发者分配密钥",
	"DisableDeveloperSignup_label": "阻止开发者注册门户",
	"DisableDeveloperLogin": "禁用开发者登录",
	"DisableDeveloperLogin_help": "如果您不希望开发者登录，可将此值设为 true。您可以使用门户模板中的此配置选项来显示或隐藏登录表单，以及禁用实际登录方式。",
	"DisableDeveloperLogin_label": "阻止开发者登录到门户",
	"ProtectAPICatalogue": "保护 API 目录",
	"ProtectAPICatalogue_help": "如果您希望仅允许已登录和注册的用户查看 API 目录，请设置此值。未经授权的用户将无法浏览 API 目录。",
	"ProtectAPICatalogue_label": "API 目录仅限登录用户访问",
	"RequireKeyApproval": "请求密钥批准",
	"RequireKeyApproval_help": "在默认情况下，开发者自动注册进入 API 并获得 API 密钥。如果您希望先审核密钥请求，然后再授予开发者对 API 的访问权限，请启用此选项，这样您将需要在信息中心的“密钥请求”部分手动批准密钥。",
	"RequireKeyApproval_label": "在批准之前查看所有密钥请求",
	"RedirectKeyRequests": "重定向密钥请求",
	"RedirectKeyRequests_help": "如果您希望自定义密钥请求发出之后的注册流（例如付款流，或采用不同系统的注册表单），可启用此选项并设置相应的重定向网址。",
	"RedirectKeyRequests_label": "将提交密钥请求的用户发送到第三方系统（例如支付服务提供商）",
	"RedirectToURL": "重定向到网址",
	"SignupFormCustomisation": "注册表单定制",
	"SignupFormCustomisation_help": "可以定制注册表单，以存放用于您的开发者的自定义字段，在此添加字段，以便当用户注册时可将这些字段存储到数据库中。这些字段可以公开，可使用配置文件模板来定制注册流程。（目前不支持文件上传）",
	"SignupFields": "注册字段",
	"NoFieldsDefined": "未定义字段",
	"FieldName": "字段名称",
  "KeyRequestFormCustomisation":"Developer request form customisation",
  "KeyRequestFormCustomisation_help_p1":"The request form can be customised to show custom fields for your developers on the portal. Add fields here for developers to fill in when they request an API key for an API, or create OAuth clients. Fields could be a website link for their app, a description of why they want the key or just a reason why they should be given one.",
  "KeyRequestFormCustomisation_help_p2":"The data from these fields will all be exposed and available to browse in the Developer Requests section of the dashboard.",
	"KeyRequestFields": "Request Fields",
	"PortalEmailCustomisation": "欢迎邮件定制",
	"PortalEmailCustomisationParagraph": "You can edit details of the emails sent to your registered developers. You can change both the email address and the name for any emails sent out.",
	"FromEmailAddress": "发件地址",
	"EmailFromName": "发件人",
	"WelcomeEmail": "欢迎邮件",
	"EnableCustomWelcomeEmails": "启用自定义欢迎邮件",
	"EnableCustomWelcomeEmails_help": "选中此复选框可将自定义邮件选项应用于您的邮件",
	"EnableCustomWelcomeEmails_label": "启用自定义欢迎邮件",
	"EmailSubject": "邮件主题",
	"WelcomeEmailBodyCopy": "欢迎邮件正文副本",
	"WelcomeEmailSignOff": "欢迎邮件签名",
	"APIKeyApprovalEmail": "API 密钥批准邮件",
	"EnableCustomAPIKeyEmails": "启用自定义 API 密钥邮件",
	"EnableCustomAPIKeyEmails_help": "选中此复选框可将自定义邮件选项应用于您的 API 密钥批准邮件",
	"EnableCustomAPIKeyEmails_label": "启用自定义批准邮件",
	"APIKeyEmailBodyCopy": "API 密钥邮件正文副本",
	"APIKeyEmailSignOff": "API 密钥邮件签名",
	"PortalConfiguration_help_p1": "您可在此处为自己的门户设置各种选项。门户的默认行为是，允许注册、登录和自动注册以发出密钥请求。",
	"PortalConfiguration_help_p2": "如果您打算掌控或以其他方式处理对 API 的注册，您可使用重定向设置来针对新密钥请求设置有管理的工作流。",
	"PortalCSSEditor": "门户 CSS 编辑器",
	"UpdateHowYourPortalLooks": "更新门户的外观",
	"SiteCSS": "站点 CSS",
	"SiteCSS_help": "在此添加您定制的 CSS，此 CSS 将注入到所有页面中，以便您控制门户的外观。",
	"EmailCSS": "邮件 CSS",
	"EmailCSS_help": "门户发出的邮件通知是可以定制的，在此注入您的自定义样式，即可改变邮件在基于 HTML 的邮件观看者面前的显示方式。",
	"PortalCSS_help": "您可在此修改添加到门户和邮件通知的 CSS",
	"EditDeveloper": "修改开发者",
	"PortalDeveloper": "门户开发者",
	"DeveloperDetails": "开发者详情",
	"SignedUpOn": "注册到",
	"AggregateAPIUsage": "API 使用汇总",
	"Subscriptions": "订阅",
	"CatalogueEntry": "目录条目",
	"Analytics": "分析",
	"ChangePolicy": "更改政策",
	"Revoke": "撤消",
	"APIAccess": "API 访问权限",
	"DeveloperSubs_legacy": "此开发者有权访问以下旧版订阅内容（建议尽快更新您的目录条目）",
	"Credentials": "凭据",
	"CustomFields": "自定义字段",
	"SelectField": "选择字段",
	"FieldValue": "字段值",
	"DeactivateUser_help": "选中可禁用用户（不能再登录，但令牌仍有效）",
	"ChangePassword": "更改密码",
	"DeveloperProfile_help": "通过输入开发者的详细信息添加开发者。 如果您删除开发人员，Tyk也会删除其API密钥，尽管此用户的分析数据仍然可用。",
	"RevokeAPIAccess": "撤消 API 访问权限",
	"Revoke_p1": "将销毁此用户的 API 密钥",
	"Revoke_p2": "从 Tyk 密钥库中，确定要执行此操作？",
	"DeleteDeveloper": "删除开发者",
	"DeleteDeveloper_warning": "此操作不可撤消。删除开发者将导致与该帐户相关联的所有密钥被销毁。分析数据仍保留，但仅可通过该用户的特定密钥哈希值来访问。请确保您已经记下这些值，然后再执行本操作！",
	"NewPassword": "新密码",
	"ChangeKeyPolicy": "更改密钥政策",
	"ChangePolicy_p1": "更改政策",
	"ChangePolicy_p2": "对于新政策，还将更改开发者记录，以确保更改得到跟踪。",
	"PortalDevelopers": "门户开发者",
	"SelectADeveloperToManage": "选择要管理的开发者",
	"NoDevelopersToDisplay": "没有要显示的开发者",
	"DeveloperEmail": "开发者邮件",
	"AddDeveloper": "添加开发者",
	"Developers_help_p1": "当开发人员注册您的门户网站时，他们将可以注册访问您发布的API。",
	"Developers_help_p2": "开发人员将为他们注册的每个API提供密钥。每个密钥将被分配与他们注册的API相关联的策略ID。",
	"ManagePortalMenus": "关联门户菜单",
	"PortalMenus": "门户菜单",
	"EditMenus": "编辑菜单",
	"SystemMenus": "系统菜单",
	"AddAMenuSet": "添加菜单集",
	"SelectAMenuToModify": "选择要修改的菜单",
	"CreateANewEntry": "创建新条目",
	"MenuElementsFor": "菜单元素",
	"RemoveMenu": "移除菜单",
	"MenuTitle": "菜单标题",
	"MenuURL": "菜单网址",
	"RemoveThisMenuItem": "移除此菜单项",
	"PortalMenus_help": "门户菜单可用于在您的门户上生成导航元素，并作为可以在您网站的各个部分的模板中公开的标题和链接对。",
	"EditPage": "修改页面",
	"AddPage": "添加页面",
	"PortalPage": "门户页面",
	"PageSettings": "页面设置",
	"Slug": "嵌套",
	"PageType": "页面类型",
	"CustomTemplates": "自定义模板",
	"CustomTemplates_help": "如果您已为自己的门户创建自定义模板，您可以使用这些模板，而不是使用默认页面模板，只需在此添加模板代码即可",
	"CustomTemplates_label": "模板名称代码（高级）",
	"NewField": "新字段",
	"DeleteThisField": "删除此字段",
	"PageContentFields": "页面内容字段",
	"PageContentFields_help": "向此自定义页面添加字段，可在使用标准模板点表示法的模板中访问这些字段。",
	"MakeHomepage": "设为首页",
	"MakeHomepage_help": "选中即可将此页设为首页",
	"PortalPage_help_p1": "门户页面是门户中托管内容的构建块。 页面可以有相应页面模板中公开的任意数量的自定义字段。 字段名称应大写，例如 PageTitle，CustomField，PageBody。",
	"PortalPage_help_p2": "门户模板可以在Markdown中呈现。 建议使用Markdown而不是原始HTML来格式化您的页面内容。",
	"PortalPage_help_p3": "如果您已经在门户模板文件夹中注册了它们，那么可以创建多个提供的模板。 使用模板名称代码激活自定义模板。",
	"DeleteThisPortalPage": "删除此门户页面",
	"DeleteThisPortalPage_help": "此页面将从门户中永久移除，您需要手动更新显示了此页面的任何菜单条目。",
	"PortalPages": "门户页面",
	"SelectAPageToManage": "选择要管理的页面",
	"NoPagesToDisplay": "没有要显示的页面",
	"Title": "标题",
	"PortalPages_help_p1": "Tyk API Portal提供了一个基本的CMS，用于记录您的门户。 您可以添加页面并自定义其外观和感觉，同时保留可编辑性。",
	"PortalPages_help_p2": "页面可以根据需要拥有尽可能多的自定义字段，然后可以在页面模板中显示这些字段。",
	"ActivePolicies": "活动策略",
	"CreatedPolicies": "创建政策",
	"SelectAPolicyToManage": "选择要管理的政策",
	"NoPoliciesDisplay": "没有要显示的政策",
	"PolicyName": "政策名称",
	"PolicyID": "政策ID",
	"AddPolicy": "添加政策",
	"Policies_help": "政策是强制执行针对一组密钥的一组速率限制、配额和访问规则的方式。当政策与门户一起使用时，通过注册获得 API 访问权限的开发者将获得附属于某项特定政策的密钥。每次当密钥尝试进行访问时，政策设置都会刷新，也就是说，更新政策会对附属于该政策的所有密钥产生影响。",
	"Edit Policy": "修改政策",
	"EditTheKeyParametersForThisPolicy": "修改此政策的主要参数",
	"ThisIsAnHMACEnabledPolicy": "这是一个支持 HMAC 的政策",
	"RateLimits": "速率限制",
	"AllowNumberOfRequests": "允许的请求数",
	"PathBasedPermissions": "基于路径的权限",
	"PathBasedPermissions_help": "可以按照路径（方式）限制访问，这就支持创建分级政策，仅允许访问 API 的特定部分。",
	"PathsFor": "路径",
	"AddPath": "添加路径",
	"NoPathRegexesDefined": "未定义路径正则表达式",
	"TrialPeriodSetKeyExpiryOnCreate": "试用期（在创建时设置密钥失效期）",
	"TrialPeriodSetKeyExpiryOnCreate_help": "如果您设置失效值，则任何依据此政策创建的密钥将在规定期限届满后失效。",
	"AKeyCreatedNowExpires": "之前创建的密钥现已失效",
	"DoNotExpireKey": "密钥不会失效",
	"DeletePolicy": "删除政策",
	"DeletePolicy_help": "将删除 API 政策，使用此政策的用户仍将拥有对 API 的访问权限，前提是遵守此处制定的规则。您确定要继续？",
	"AddOrEditPathPermissions": "添加或修改路径权限",
	"AddOrEditPathPermissions_help": "添加或修改以下网址格式，必须是有效的正则表达式。然后添加（或移除）您想要为此路径启用的方式。",
	"PolicyDetails": "Policy Details",
	"PolicyId_label": "Policy ID",
	"PolicyName_label": "Policy name",
	"MakePolicyInactive": "将政策设为不活跃",
	"MakePolicyInactive_label": "激活政策",
	"MakePolicyInactive_help": "只有活跃的策略由Tyk加载。 策略持有者可以继续将此策略应用于使用现有设置的密钥，直到密钥过期或应用于密钥的新策略生效。",
	"DenyAccessToAllPolicyHolders": "拒绝向所有政策持有者授予访问权限",
	"DenyAccess": "拒绝授予访问权限",
	"DenyAccess_help": "这将阻止任何用户能够将此策略应用于密钥。",
	"Policy_help": "此处显示的选项与创建密钥时提供的选项类似。您可以设置配额、流量限制和 API 访问权利。",
	"IdentityManagementProfiles": "身份管理配置文件",
	"ActiveProfiles": "活跃的配置文件",
	"NoProfilesToDisplay": "没有要显示的配置文件",
	"Provider": "提供者",
	"AddNewProfile": "添加新的配置文件",
	"TIB_help_p1": "使用 Tyk Identity Broker 组件，您可以管理第三方身份服务以及特定 Tyk 操作的提供者，比如：",
	"TIB_help_p2": "使用 LDAP 凭据登录信息中心",
	"TIB_help_p3": "使用 Google+ 或 Github 等社交帐户在门户上注册",
	"TIB_help_p4": "通过使用 GMail 或 Github 等社交帐户登录，获得用于 Tyk 的身份验证令牌",
	"TIB_help_p5": "与原有身份提供者（例如基本身份验证或登录页面）整合",
	"TIB_help_p6": "假设您已在自己的基础架构中激活并在信息中心设置中配置 Tyk Identity Broker",
	"EditIDMProfile": "修改 IDM 配置文件",
	"AddIDMProfile": "添加 IDM 配置文件",
	"EditThisIdentityManagementProfile": "修改此身份管理配置文件",
	"SelectAPresetTIBProfile": "选择预设的 TIB 配置文件",
	"SelectAPresetTIBProfile_help_1": "从以下列表中选择一个预设的配置文件情形。这些配置文件都是 Tyk Identity Broker 的最常见使用情形。",
	"SelectAPresetTIBProfile_help_2": "如果您的使用情形未列出，您可以随时配置自定义提供者，并使用高级 API 将其添加到 Identity Broker 中。",
	"ProfilePresets": "配置文件预设",
	"SocialLoginForDeveloperPortal": "使用社交帐户登录开发者门户",
	"LDAPLoginForDashboard": "LDAP 登录信息中心",
	"SocialLoginToOAuthToken": "使用社交帐户登录以获得 OAuth 令牌",
	"SocialLoginToStandardToken": "使用社交帐户登录以获得标准令牌",
	"SocialLoginForDeveloperPortalSettings": "使用社交帐户登录以获得开发者门户设置",
	"SocialLoginForDeveloperPortalSettings_help_1": "社交身份提供者要使用 Tyk Identity Broker，需要授权方的客户端 ID 和密钥，通常可以在各种提供者的开发者门户中进行设置。",
	"SocialLoginForDeveloperPortalSettings_help_2": "对于 Identity Broker，还需要指定返回网址，这将是",
	"DashboardAPIKeyToUse": "要使用的信息中心 API 密钥",
	"IdentityBrokerEndpointBaseURL": "Identity Broker 端点（基本网址）",
	"RedirectToURLOnFailure": "失败时的重定向网址",
	"ReturnURLOnSuccess": "成功时的返回网址",
	"SelectASocialProvider": "选择社交身份提供者",
	"KeyClientID": "密钥或客户端 ID",
	"SecretKey": "密钥",
	"LDAPLoginForDashboardSettings": "LDAP 登录以获得信息中心设置",
	"LDAPLoginForDashboardSettings_help_1": "已对照 OpenLDAP 测试该 LDAP 提供者。此连接器的工作方式是作为一个通道代理，您可以在其中发送带“用户名”和“密码”标头的登录请求，系统将对照 LDAP 服务器对其进行验证。",
	"LDAPLoginForDashboardSettings_help_2": "TIB 将尝试将用户绑定到服务器，如果成功，则将他们登录到信息中心。用户将拥有*完全*权限。",
	"SendYourInboundRequestsTo": "将入站请求发送给",
	"Port": "端口",
	"Server": "服务器",
	"UserDN": "用户 DN",
	"SocialLoginToOAuthTokenSettings": "到 OAuth 令牌设置的社交登录",
	"SocialLoginToOAuthTokenSettings_help_1": "社交身份提供者要使用 Tyk Identity Broker，需要授权方的客户端 ID 和密钥，通常可以在各种提供者的开发者门户中进行设置。",
	"SocialLoginToOAuthTokenSettings_help_2": "对于 Identity Broker，还需要指定返回网址，这将是",
	"SocialLoginToOAuthTokenSettings_help_3": "我们还需要匹配的基于 Tyk 的 OAuth 客户端，作为令牌的最终授权者和所有者。",
	"SelectBaseAPIForThisOAuthClient": "选择用于此 OAuth 客户端的基本 API",
	"SelectOAuthClient": "选择 OAuth 客户端",
	"SelectPolicyToApplyToNewTokens": "选择要应用于新令牌的政策",
	"SelectTheResponseTypeForThisOAuthClient": "选择此 OAuth 客户端的响应类型",
	"AuthorizationCode": "授权代码",
	"SocialLoginToStandardTokenSettings": "到标准令牌设置的社交登录",
	"SocialLoginToStandardTokenSettings_help_1": "社交身份提供者要使用 Tyk Identity Broker，需要授权方的客户端 ID 和密钥，通常可以在各种提供者的开发者门户中进行设置。",
	"SocialLoginToStandardTokenSettings_help_2": "对于 Identity Broker，还需要指定返回网址，这将是",
	"ExpiresInSeconds": "在几秒钟内失效",
	"SelectBaseAPIForThisToken": "选择用于此令牌的基本 API",
	"TIBDetail_help_1": "您可使用此表单设置或修改身份管理配置文件。我们在此提供了一些默认的整合情形以及相关设置，以便您快速入门。",
	"TIBDetail_help_2": "对于自定义 TIB 配置文件，请使用 IDM API。",
	"ServiceUptime": "服务运行时间",
	"AverageUptimeOverTime": "一段时间的平均运行时间",
	"TargetBreakdown": "目标明细",
	"NoURL": "（没有网址）",
	"UptimeForTarget": "目标运行时间",
	"UptimeOverTime": "一段时间的运行时间",
	"UptimePerPath_help_1": "此页显示单个测试的运行时活动详情，要更改日期范围或图表分辨率，请使用上方图表中的下拉菜单。",
	"UptimePerPath_help_2": "错误表格显示 Tyk 或服务器针对该测试目标报告的所有错误。",
	"UptimeByTarget": "按目标列出的运行时间",
	"UptimeTargets": "运行时间目标",
	"UptimeTargets_help_p1": "通过选择表格中的目标网址，查看每个运行时间目标的详细统计信息，而不管具体的 API。",
	"UptimeTargets_help_p2": "您可以使用下拉菜单更改选定的日期范围。目前对于运行时间测试不支持按版本过滤。",
	"AddANewUser": "添加新用户",
	"EditUser": "修改用户",
	"EditProfile": "编辑个人资料",
	"EditLevelOfAccessAndAccountDetailsForThisUser": "修改此用户的访问权限级别和帐户详情",
	"FirstName": "名字",
	"LastName": "姓氏",
	"EmailAddress": "电子邮件地址",
	"AccountIsActive": "帐户处于活跃状态",
	"IsThisUserAnAdministratorAllPrivileges": "此用户是不是管理员（享有所有特权）",
	"AccountIsAdmin": "是管理员帐户",
	"Permissions": "权限",
	"Permission": "权限",
	"Deny": "拒绝",
	"Read": "读取",
	"Write": "写入",
	"Users": "用户",
	"KeysTokens": "密钥/令牌",
	"OAuth": "OAuth",
	"APIs": "API",
	"IdentityManagementTIB": "身份管理 (TIB)",
	"Policies": "政策",
	"Hooks": "网路钩手",
	"Portal": "门户",
	"RealTimeNotifications": "实时通知",
	"SystemLicenses": "系统（许可证）",
	"TykDashboardAPIAccessCredentials": "Tyk 信息中心 API 访问凭据",
	"NoAccessKeyForThisUser": "此用户没有访问密钥",
	"GenerateANewToken": "生成新令牌",
	"OrganisationID": "组织机构编号",
	"ResetPassword": "重置密码",
	"ResetPassword_help": "这将改变用户密码。 在通知新密码之前，他们将不会收到通知，无法访问该系统。 您要更改此用户的密码吗？",
	"DeleteUser": "删除用户",
	"DeleteUser_help": "将删除用户的所有记录，他们将不再有权访问 Tyk 信息中心。此操作不可撤消，是否继续？",
	"User_help": "输入新用户的详细信息。 如果您选择帐户是管理员，则用户将具有对仪表板的完全访问权限。 Tyk Dashboard API密钥允许用户对Tyk Dashboard功能进行API调用。",
	"User_edit_help": "您可以从此屏幕更改用户详细信息并重置密码。 如果您删除帐户是活动的选项，用户将无法再访问仪表板。",
	"UsersAndAccess": "用户和访问权限",
	"Inactive": "非活跃",
	"AddUser": "添加用户",
	"Users_help": "此列表中的用户可以访问Tyk的管理和分析部分。 如果您希望撤消对用户的访问权限，但不删除该帐户，请使用“撤销”按钮，他们将无法再访问管理员部分。",
	"EditWebhook": "修改网路钩手",
	"AddWebhook": "添加网路钩手",
	"EditTheRequestParametersForThisWebhook": "修改此网路钩手的请求参数",
  "AddTheRequestParametersForThisWebhook":"Add the request parameters for this webhook",
	"RequestMethod": "请求方式",
	"Headers": "标头",
	"Headers_help": "网路钩手可随请求发送自定义标头（以防所访问的服务要求某种身份验证或身份确认）",
	"HeaderKey": "标头密钥",
	"HeaderValue": "标头值",
	"DeleteWebHook": "删除网路钩手",
	"DeleteWebHook_help": "将删除网路钩手，任何使用此网路钩手的 API 都将在重新加载配置时移除该网路钩手。您确定要继续？",
	"Webhook_help_1": "您可在此设置网路钩手，它可在各个 API 定义中重复使用。",
	"Webhook_help_2": "网路钩手支持自定义标头，并且可使用 GET、POST、PUT、DELETE 和 PATCH HTTP 等谓词来部署。",
	"Webhook_help_3": "您可以在 API 管理控制台将网路钩手添加到 API 定义中。",
	"WebHooks": "网路钩手",
	"RegisteredWebhooks": "注册 已登记的网路钩手",
	"WebhookName": "网路钩手 名称",
	"Targets": "目标",
	"AddWebHook": "添加 网路钩手",
	"Webhooks_help_1": "网路钩手是让外部应用了解 Tyk 网关内的用户、API 或事件状态的一种绝佳方式。",
	"Webhooks_help_2": "您可在此创建网路钩手并将其重复用于 API 定义，以及将其分配给不同的 Tyk 事件，比如违反配额或速率限制的行为。",
	"BodyTransforms": "正文转换",
	"RequestTransforms": "请求转换",
	"IncludeSessionMetaData": "包含会话元数据",
	"Input": "输入",
	"Template": "模板",
	"OutputSample": "输出（样本）",
	"Test": "测试",
	"ResponseHeaders": "响应头",
	"ResponseTransforms": "响应转换",
	"ModifiedHeaders": "已修改的标头",
	"DeleteThisHeader": "删除此标头",
	"HeadersBeingRemovedFromRequest": "从请求中移除的标头",
	"AddThisHeader": "添加此标头",
	"HeadersBeingAddedToRequest": "添加到请求中的标头",
	"MockResponse": "模拟响应",
	"RespondWith": "响应为",
	"Code": "代码",
	"ResponseBody": "响应正文",
	"SendTheseHeaders": "发送这些标头",
	"URLRewrite": "网址重写",
	"AdvancedUrlRewrite": "先进'URL rewrite'",
	"AdvancedUrlRewrite_paragraph_1": "你可以使用'triggers'创造先进'URL rewrites'. 'Triggers'是'sub-matches'可以让你'rewrite rules to have variations'",
	"AdvancedUrlRewrite_paragraph_2": "你可以创造'sub-matches'在你的'header,query,path,session meta date values'或'payloads'",
	"CreateAdvancedTrigger": "创造先进'trigger'",
	"Trigger": "Trigger",
	"DeleteTrigger": "清除'trigger'",
	"DeleteTrigger_warning": "这会清除选择trigger from the URL rewrite. 请确定你要继续.",
	"AddNewTrigger": "加新'trigger'",
	"AddNewTrigger_paragraph_1": "创造'trigger', 请选择'match condition' (ANY/ALL), 然后选择'match type' 和下定'value to match' 和 'rewrite to'",
	"AddNewTrigger_paragraph_2.1": "如果任何一个选择在'trigger'是'true', 个'rewrite rule' 将会'fire'",
	"AddNewTrigger_paragraph_2.2": "为了'rewrite rule to fire', 所有选择必须是'true'",
	"AddNewTrigger_warning": "请加至少一个'trigger'",
	"MatchPattern": "匹配模式 (e.g. virtual/(.*)/(d+))",
	"RewriteTo": "重写为 (e.g. new-path/$2/something/$1)",
	"EnforcedTimeout": "强制超时",
	"EnforceTimeout": "强制超时",
	"CircuitBreaker": "断路器",
	"TriggerThresholdPercentage": "触发阈值百分比",
	"SampleSizeRequests": "样本规模（请求数）",
	"ReturnToServiceInS": "在多少秒内返回到服务",
	"RequestSizeLimit": "请求规模限制",
	"SizeLimitBytes": "规模限制（字节数）",
	"VirtualPath": "虚拟路径",
	"JSFunctionToCall": "要调用的 JS 函数",
	"CodeEditor": "代码编辑器",
	"GlobalVersionSettings": "全局版本设置",
	"ModifyHeaders": "修改标头",
	"RequestHeaders": "请求标头",
	"AddAnUptimeTestURL": "添加运行时间测试网址",
	"AddAnUptimeTestURL_label": "运行时间测试路径可以是任何类型的请求，可以有自定义正文、标头和目标。",
	"ThereWereProblemsWithThisPath": "此路径有问题",
	"WithMethod": "方式",
	"Body": "正文",
	"NoHeaders": "没有标头",
	"Cache": "缓存",
	"Whitelist": "白名单",
	"Blacklist": "黑名单",
	"Ignore": "忽略",
	"Add": "加",
	"BodyTransform": "正文转换",
	"PleaseEnterAPath": "请输入路径",
	"Start": "开始",
	"End": "结束",
	"Day": "日",
	"Month": "月",
	"Year": "年",
	"APIVersion": "API 版本",
	"Hourly": "每小时",
	"Daily": "每天",
	"Monthly": "每月",
	"FilterByTag": "按标记过滤",
	"VersionAll": "所有版本",
	"All": "全部",
	"StartTypingAnAPIName": "开始键入 API 名称...",
	"Search": "搜索",
	"VersionNameKeyValue": "版本名称（密钥值）",
	"REJECT": "拒绝",
	"ViewDetails": "查看详情",
	"InputType": "输入类型",
	"MethodTransform": "方法变换",
	"ToMethod": "到方法",
	"PolicyPartitions": "策略分区",
	"PolicyPartitions_help": "如果启用以下任何选项，则策略将变为“分区”。 这意味着只有以下所选的部分才会对应用该策略的密钥产生影响。 如果您有很多因素限制对一组API的访问，这是非常有用的。 使用分区策略，您可以在策略级别处理访问权限，但在关键级别保留配额和费率限制。 注意：请勿使用发布的门户策略。",
	"EnforceQuota": "强制配额",
	"EnforceRateLimit": "执行率限制",
	"EnforceAccessControl": "强制访问控制",
	"ContextVariables": "上下文变量",
	"ContextVariables_help": "启用上下文变量将使有关请求的某些数据可用于转换中间件",
	"EnableContextVariables": "启用上下文变量",
	"RequiredError": "请填写此必填字段",
	"IsValidUrlError": "请输入有效的网址值 (i.e. http://)",
	"IsValidTargetUrl": "请输入有效的网址值 (i.e. http://, ws://, tcp://, tyk://)",
	"IsValidDomainError": "请输入有效的主机名值",
	"ENDPOINTS_NO_DATA": "您没有跟踪端点。 要跟踪端点，请在API Designer中的Endpoint Designer中创建一个端点，然后从“选择”下拉列表中选择“跟踪此端点”。",
	"Endpoints": "端点",
	"UptimeWarning": "正常运行时间检查在Tyk Cloud中不可用，但可用于Tyk Hybrid和自托管安装，您可以在此处添加和编辑它们，但是它们不会在我们的基础架构上实时生效，也不会记录任何数据。",
	"ValuesOverwrittenBy": "values are being overwritten by",
	"ApproveKeyRequest": "Approve key request",
	"Approve_key_request_warn_1": "This will approve key request",
	"RejectKeyRequest": "Reject key request",
	"Reject_key_request_warn_1": "This will reject key request",
	"HasntBeenSet": "Hasn't been set",
	"Categories": "Categories",
	"Categories_help": "  API categories enable you to group APIs into categories that make sense to you, making it easy to manage and search for APIs. You can create a new category here or assign your API to an existing category.",
	"UnsavedChangesTitle": "You have unsaved changes on this page",
	"UnsavedChanges_warning": "Do you want to save your changes before continuing?",
	"DontSave_button": "Don't save",
	"CopyApiId": "Copy API ID",
	"BlacklistedIPs": "Blacklisted IPs",
	"EnableBlackListedIPs": "Enable Black-listed IPs",
	"EnableBlackListedIPs_help": " Black-listed IPs limit the originating address of a request to disallow group of addresses.",
	"EnableBlackListedIPs_empty": "No IPs selected, please add one below.",
	"CreatedDate": "Created Date",
	"Important": "Important",
	"RequestKeyApproval_warning": "This setting will ignore the global Key Approval setting in",
	"UpdateApiCatalogue_warn": "This will update all records of this API entry. Are you sure you want to continue?",
	"UpdateApiCatalogue": "Update API entry",
	"ChangePolicy_warning": "This will change the policy for all current subscribed developers and their rate-limits and quotas will change. Please take care when doing this, as it could have severe consequences for subscribed developers.",
	"ChangeApiAuthMode_warning": "Changing the Authentication mode on an active API can have severe consequences for your users. Please be aware that this will stop the current keys working for this API.",
	"ResetKey": "Reset Key",
	"ResetUserKey_warning": "Are you sure that you want to generate a new access key for this user? If so, please make sure that you inform the user about the change",
	"ResetSelfUserKey_warning": "Are you sure you want to reset the access key?",
	"ApiDetails": "API details",
	"ThisIsAHashedKey": "This is a hashed key",
	"OverrideGlobalSettings": "Override global settings",
	"OverrideGlobalSettings_help": "These Catalogue settings are currently being overwritten by the Global Catalogue settings. Toggle the checkbox below to override them for this Catalogue.",
	"ManageAccount": "Manage Account",
	"SaveCertificateSuccessMessage": "The certificate data have been saved successfully",
	"AccessTo": "Access To",
	"CatalogueDeleted": "Catalogue deleted",
	"DeveloperDeleted": "Developer deleted",
	"CatalogueSettings": "Catelogue settings",
	"DeleteCatalogue": "Delete Catalogue",
	"DeleteCatalogue_question": "Are you sure you want to delete the <1><0>{{name}}</0></1> catalogue?",
	"PublicKey": "Certificate public key pinning",
	"PublicKey_help": "You can whitelist public keys used to generate upstream certificates to protect yourself for cases when certificate gets compromised.",
	"Developer": "Developer",
	"Actions": "Actions",
	"MakeInactive": "Make Inactive",
	"JWTPublicKey": "Public Key (leave blank to embed in key session)",
	"UserPermissions": "You only have read permissions",
	"AddPublicKeys": "Add public keys",
	"UserGroups": "User Groups",
	"UserGroup": "User Group",
	"GroupName": "Group name",
	"GroupDescription": "Group description",
	"DeleteUserGroup": "Delete user groups",
	"DeleteUserGroup_question": "Are you sure you want to delete the <1><0>{{name}}</0></1> user group?",
	"UserGroupList": "User group list",
	"AddNewUserGroup": "Add new user group",
	"EditUserGroup": "Edit User Group",
	"User_roles_help": "This is the list of User groups created. If you wish edit/view or delete trigger the 'Actions' dropdown from the panel on the left or if you want to create a new one click on the 'Add new user group' button from the navigation bar above.",
	"User_role_add_help": "Enter the details for a new user group. You can then assign this user group to particular users.",
	"User_role_edit_help": "You can change user group details from this screen. Be aware that if you deactive this user group this will affect all users that belong to it.",
	"UserGroupDescription": "User group description",
	"UserGroupName": "User group name*",
	"StripVersionInfo": "Strip version info from upstream request",
	"LimitsQuotasAPI": "Limits and Quotas per API",
	"LimitsQuotasFor": "Limits and Quotas for",
	"QuotaUsage": "Quota usage for",
	"QuotaRemaining": "Quota Remaining",
	"QuotaRenews": "Quota Renews",
	"PolicyApiLimit_help": "Set the limits to -1 for unlimited requests. If set to 0 or not at all the value will be inhereted from the Policy",
	"LimitsQuotasAPI_help": "It is possible to specify different rate limits and quotas on a per-API basis. In this case each API will have its own counters, e.g there will no be global limit. If you do not specified limits, API will inherit limits specified on global policy level, but still will be tracked by separate counters.",
	"CoProcessMiddleware": "CoProcess plugin",
	"DynamicMiddleware": "JSVM plugin",
	"RateCheckMW": "Global Rate limit",
	"IPWhiteListMiddleware": "IP Whitelist",
	"IPBlackListMiddleware": "IP Blacklist",
	"CertificateCheckMW": "Client certificate check",
	"OrganizationMonitor": "Organization limits",
	"RateLimitForAPI": "API rate limits",
	"ValidateJSON": "JSON schema validation",
	"MiddlewareContextVars": "Context variables",
	"VersionCheck": "Version check",
	"RequestSizeLimitMiddleware": "Request size limit",
	"TrackEndpointMiddleware": "Track endpoint",
	"TransformMiddleware": "Request body transform",
	"TransformJQMiddleware": "JQ transform",
	"TransformHeaders": "Header transform",
	"RedisCacheMiddleware": "Cache",
	"VirtualEndpoint": "Virtual Endpoint",
	"URLRewriteMiddleware": "URL Rewrite",
	"TransformMethod": "Method transform",
	"Oauth2KeyExists": "oAuth",
	"BasicAuthKeyIsValid": "Basic auth",
	"HMACMiddleware": "HMAC",
	"JWTMiddleware": "JWT",
	"OpenIDMW": "OpenID",
	"AuthKey": "Auth key",
	"StripAuth": "Strip auth",
	"KeyExpired": "Key expiration check",
	"RateLimitAndQuotaCheck": "Rate limit and Quota check",
	"AccessRightsCheck": "Version access check",
	"GranularAccessMiddleware": "Path access check",
	"Dependencies_delete": "Any Keys and APIs using OpenID Authentication associated with the policy",
	"Dependencies_delete_1": "Any associated Portal API Catalogue entries",
	"Delete_policy_warning": "Deleting a policy may affect the following:",
	"AccessRightsKeyless": "Keyless APIs can be added only for the purpose of exposing those APIs to the Developer Portal. Also note that these APIs will not respect the Policies Rate Limiting and Quotas.",
	"JSONFormatError": "Should be a valid JSON object, example: {\"foo\": \"bar\"}",
	"LimitsPartitions_help": "If you want to set Policy Partitions you'd need to disable Limits and Quotas per API.",
	"DeactivatePolicy": "Deactivate Policy",
	"Deactivate_warn_policy": "This policy will become inactive, any portal entries that are attached to it will create keys that will not be able to access your services and any keys that currently have this policy set will become unusable, do you want to continue?",
	"Type": "Type",
	"Continue": "Continue",
	"NotVersioned": "You are setting this API to non-versioned from a versioned state, if your API contained more than one version, only the first will be retained, are you sure you wish to continue?",
	"NotUseVersioning": "Do not use versioning",
	"SslCertificates": "SSL Certificates",
	"SslCertificates_help": "If attached, SSL certificates will be dynamically loaded for your custom domain, without requiring the restarting of your Gateway. The certificate domain has be specified inside the SubjectCommonName or DNS Names certificate sections, and should match the custom domain name entered above.",
	"ResetQuota": "Reset Quota",
	"ResetQuota_warning": "Are you sure you want to reset this key’s quota?",
	"Reset": "Reset",
	"Info": "Info",
	"FieldsList": "Fields list",
	"KeyLookup_help_p1": "Tyk is running in hashed key mode which means you will not be able to list keys available on the system, since the keys have been encrypted. If you know the API Key you wish to view, edit or delete, enter it in the API Key field and click Lookup Key and Tyk will attempt to retrieve the key. It is still possible to edit and delete API keys if you know the key details.",
	"Throttling": "Throttling",
	"Throttling_description": "Allow Tyk to queue and retry requests if rate limit is hit",
	"ThrottleInterval": "Throttle interval",
  	"ThrottleInterval_description": "Interval after which attempt request retry",
	"ThrottleRetryLimit": "Throttle retry limit",
	"ThrottleRetryLimit_description": "Maximum numbers of retries",
	"DefineNumberAllowedTokens": "Define number of allowed tokens",
	"OauthLimitUsageDescription": "OauthLimitUsageDescription",
	"OauthTokensLimit": "Oauth limit",
	"RevokeOauthClientAccess": "Revoke Oauth Client Access",
	"Revoke_oauth_p1": "This will destroy this users Oauth Client for ",
	"Revoke_oauth_p2": ", are you sure you want to do this?",
	"OauthClientName": "Oauth Client Name",
	"OauthClientId": "Oauth Client ID",
	"OauthClientDetails": "Oauth Client Details",
	"OauthClientUpdateSuccess": "Oauth Client has been successfully updated",
	"NewAPIsubscription": "New API Subscription",
	"ApiSubscriptionSuccess": "has been successfully subscribed to ",
	"UpdateOauthClient": "Update Oauth Client",
	"OAuthClients_help":"Client apps are created dynamically, the only parameter required to create a new client app with Tyk is to specify the redirect URI, this is used as part of the client authentication and cannot be edited later.",
	"DefineNumberAllowedOauth": "Define number of allowed Oauth",
	"UnlimitedOauthClients_note": "Use -1 or 0 for unlimited number of Oauth",
  "Edit_Settings": "Edit Settings",
  "DeleteTemplate": "Delete template",
  "DeleteTemplateQuestion": "Are you sure you want to delete this template ?",
  "RegisteredFields": "Registered Fields",
  "FixErrors": "Please fix all the form errors",
  "SuccessfulCreation": "The page has been successfully created.",
  "SuccessfulUpdated": "The page has been successfully updated.",
  "DeletedPage": "The page has been successfully deleted.",
	"PoliciesAttachedTo": "Policies attached to",
  "ViewAnalytics": "View Analytics",
	"ClientId": "Client ID",
	"OAuthClientList": "OAuth Clients list",
	"EditClient": "Edit Client",
	"NewClient": "New Client",
	"OauthClientSettings": "OAuth Client settings",
  "TargetHost": "Target Host",
  "HashedKeyHelp": "To enable deleting and updating by hash check the",
  "documentation": "documentation",
	"RelativePath": "Relative Path",
  "TargetHost": "Target Host",
  "WsdlImport_help_p1": "Tyk now supports creating base API definitions from WSDL documents. Cut and paste your document into the form below and click 'Generate API'.",
  "FromWSDL": "From WSDL",
  "ApiOwnership": "API Ownership",
  "ApiOwnership_details": "You can limit access to this API to the list of users or user groups. Limiting access to the API will also limit access to Analytics Keys, Policies, oAuth Client and Developer objects using it.",
  "SourceType": "Select a source type",
  "SourceTypeHelp": "This can be file or inline. If set to file, then Tyk will pre-load the JS from disk, if set to inline, then Tyk will base64-decode the code from the code editor",
	"CatalogueEmail": "Email",
	"CatalogueOwnerEmail": "Catalogue owner email address",
  "CatalogueOwnerEmail_details": "Catalogue owner will be notified at this email address when an API subscription request is submitted or granted",
  "PlatformManagerEmailAddress": "Portal manager email address",
  "PlatformManagerEmailAddress_details": "Portal manager will be notified at this email address when an API subscription request is submitted or granted",
	"JwtApplyPolicies_help": "In the case of a missing JWT policy ID, the following default policy will be used instead",
	"JwtApplyPolicies": "Default Policy",
	"KeyHashValue": "Key hash value",
  "FromSwaggerURL_help":"If you publish your Swagger (in either JSON or YAML format) file to a public URL, Tyk can pull it into your portal and render it using Swagger UI.",
  "OAuth_clients_add":"Client apps are created dynamically, the only parameter required to create a new client app with Tyk is to specify the redirect URI, as this is part of the client authentication.",
  "OAuth_clients_edit":"You can edit both the redirect URI and change the specified policy from this page.",
  "EnableMultiSelection": "Enable subscribing to multiple APIs with single key",
  "EnableMultiSelection_label": "Enable multiple API subscriptions",
  "EnableMultiSelection_help": "User will be able subscript any combination of exposed catalogues of the same authentication type",
	"PoliciesFilter_help": "Policies list has been filtered by their authentication type",
	"AuthType": "Authentication type",
  "Protocol": "Protocol",
  "Protocol_Label":"Network protocol used by Tyk to serve your service. If empty defaults to your Gateway configuration: either http or https.",
  "Protocol_Warning":"Please ensure that selected port is allowed by your Gateway configuration.",
  "Protocol_Port_Label":"Network port used to expose your service. Ensure that selected  port allowed by your Gateway configuration. If empty, defaults to your default Gateway port",
	"NewAPIkey": "New Key",
	"RequestAPIKey": "Request Key",
	"UpdateKey": "Update Key",
	"EmailError": "Please enter a valid Email address",
  "IgnoreCase_Desc": "This option allows the case for any path matching to be ignored",
	"LoadBalancer_Modal_Title": "Delete Target",
	"LoadBalancer_Modal_Body": "Are you sure you want to remove these upstream targets ?",
	"LoadBalancer_Modal_Remove": "Remove",
	"UserAccessKey" : "The user must be active in order to see the access key",
	"PasswordRequired": "Password is required (more than 6 characters)",
	"PasswordMatch": "Password's do not match",
	"PasswordReset_Success": "Password reset successful",
	"PasswordReset_Failure": "Password reset failed",
	"ResetKey_Success": "Key reset successful",
	"ResetKey_Failure": "Key reset failed",
	"UserUpdate_Success": "User updated successfully",
	"UserUpdate_Failure": "User update failed",
	"UserOneRead_Error": "User should at least have one read permission",
	"UserAdd_Success": "User added successfully",
	"UserAdd_Failure": "Failed to add new user",
	"UserDelete_Success": "User deleted Successfully",
	"UserDelete_Failure": "User deletion failed",
	"IgnoreCase": "Ignore Case",
  "AuthenticationConfiguration": "Authentication Configuration",
  "EnableDetailedLogging": "Enable Detailed Logging",
  "EnableDetailedLoggingDescription": "EnableDetailedLoggingDescription",
  "EnableLogging": "Enable Logging",
  "WelcomeEmailCustomisation": "Welcome email customisation",
	"AllowedOAuth": "Allowed OAuth",
	"CustomProfile": "Custom Profile",
	"MetaData_Policy_help": "Tyk policies can hold meta data that can be used in some middleware components, for example, User IDs",
	"ConfirmationPassword": "Confirmation password",
	"Api Name": "Api Name",
  "Category": "Category",
  "No APIs to be added": "No APIs to be added",
  "Add API Access Rights": "Add API Access Rights",
  "Api specific settings": "Api specific settings",
  "Collapse all": "Collapse all",
  "Expand all": "Expand all",
  "Enter custom regex or select an endpoint.": "Enter custom regex or select an endpoint.",
  "You must hit enter to save your custom regex before adding the path.": "You must hit enter to save your custom regex before adding the path.",
  "URL field is required": "URL field is required",
  "Allowed Methods": "Allowed Methods",
  "multiple selection": "multiple selection",
  "Select method(s)": "Select method(s)",
  "Method field is required": "Method field is required",
  "Path-Based Permissions": "Path-Based Permissions",
  "Restrict access on a per-path and per method basis to only allow access to specific portions of the API.": "Restrict access on a per-path and per method basis to only allow access to specific portions of the API.",
  "Remove selected endpoints": "Remove selected endpoints",
  "Methods": "Methods",
  "Per API": "Per API",
  "Are you sure you want to remove access right to {{apiName}} API ?": "Are you sure you want to remove access right to {{apiName}} API ?",
  "Remove Access": "Remove Access",
  "Please select at least one version": "Please select at least one version",
  "API Versions": "API Versions",
  "Set per API Limits and Quota": "Set per API Limits and Quota",
  "Are you sure you want to disable paritioning for this policy?": "Are you sure you want to disable paritioning for this policy?",
  "Set per API": "Set per API",
  "Global Limits and Quota": "Global Limits and Quota",
  "Per (seconds)": "Per (seconds)",
  "Unlimited retries": "Unlimited retries",
  "Throttle retry limit": "Throttle retry limit",
  "Throttle interval": "Throttle interval",
  "Max requests per period": "Max requests per period",
  "Quota resets every": "Quota resets every",
  "Remaining requests for period": "Remaining requests for period",
  "Rate Limiting": "Rate Limiting",
  "Rate Limit cannot be set": "Rate Limit cannot be set",
  "Throttling cannot be set": "Throttling cannot be set",
  "Usage Quotas": "Usage Quotas",
  "Usage Quota cannot be set": "Usage Quota cannot be set",
  "By choosing not to enforce rate limiting, usage quota or access rights, your policy will become partitioned. This means you will be able to set non-enforced partitions in each key subscribed to a policy. For example, with a partitioned policy, you could enforce access rights at the policy level, leaving rate limiting and quotas to be set at key level. NOTE: Do not use partitioning with policies published in the Developer Portal Catalogue.": "By choosing not to enforce rate limiting, usage quota or access rights, your policy will become partitioned. This means you will be able to set non-enforced partitions in each key subscribed to a policy. For example, with a partitioned policy, you could enforce access rights at the policy level, leaving rate limiting and quotas to be set at key level. NOTE: Do not use partitioning with policies published in the Developer Portal Catalogue.",
  "This policy is partitioned. All keys will inherit the policy {{selected}} and the {{notSelected}} can be overridden at key level.": "This policy is partitioned. All keys will inherit the policy {{selected}} and the {{notSelected}} can be overridden at key level.",
  "Policy Partitioning": "Policy Partitioning",
  "Enforce access rights": "Enforce access rights",
  "Enforce usage quotas": "Enforce usage quotas",
  "Enforce rate limit": "Enforce rate limit",
  "Policy partitioning": "Policy partitioning",
  "To partition this policy you need to remove API limits, allowing all APIs to inherit the global settings.": "To partition this policy you need to remove API limits, allowing all APIs to inherit the global settings.",
  "Confirm": "Confirm",
  "Are you sure you want to remove API limits from this policy?": "Are you sure you want to remove API limits from this policy?",
  "Enable partitioning": "Enable partitioning",
  "State": "State",
  "Authentication Type": "Authentication Type",
  "No Policies to display": "No Policies to display",
  "Search by Policy Name": "Search by Policy Name",
  "Issuer common name": "Issuer common name",
  "Subject common name": "Subject common name",
  "Not before": "Not before",
  "Not after": "Not after",
  "Once your key is created you will see the Key ID and you can use it to access your API. You can use the following command to test your Key curl -H 'Authorization: {your-key-id}' {your-api-url}": "Once your key is created you will see the Key ID and you can use it to access your API. You can use the following command to test your Key curl -H 'Authorization: {your-key-id}' {your-api-url}",
  "Keys List": "Keys List",
  "Are you sure you want to update this {{entityName}} ?": "Are you sure you want to update this {{entityName}} ?",
  "Update without quota reset": "Update without quota reset",
  "Remove access right": "Remove access right",
  "Are you sure you want to delete this {{entityName}} ?": "Are you sure you want to delete this {{entityName}} ?",
  "Key ID": "Key ID",
  "Key hash": "Key hash",
  "Search by key hash value or alias": "Search by key hash value or alias",
  "This field is required": "This field is required",
  "At least one policy needs to be applied on the key": "At least one policy needs to be applied on the key",
  "Key must have access right at least on one API": "Key must have access right at least on one API",
  "Password needs to have at least 6 characters": "Password needs to have at least 6 characters",
  "Please add a certificate": "Please add a certificate",
  "Details": "Details",
  "Access Rights": "Access Rights",
  "{{entityName}} Search": "{{entityName}} Search",
  "Keys are encrypted. Search an exact key to edit it": "Keys are encrypted. Search an exact key to edit it",
  "This is username": "This is username",
  "This is hashed key": "This is hashed key",
  "Add, view, edit and keep track of your keys.": "Add, view, edit and keep track of your keys.",
  "Key Management": "Key Management",
  "access rights type": "access rights type",
  "apply policy": "apply policy",
  "apply api": "apply api",
  "Are you sure you want to add access rights by applying policies?": "Are you sure you want to add access rights by applying policies?",
  "Keys can only have access rights added by either applying a policy or by manual setup, not both. If you choose to add access rights by applying policies you will loose your manual setup. You can switch back to manual setup at any time.": "Keys can only have access rights added by either applying a policy or by manual setup, not both. If you choose to add access rights by applying policies you will loose your manual setup. You can switch back to manual setup at any time.",
  "Apply Policies": "Apply Policies",
  "Limits and Quota": "Limits and Quota",
  "Path-based Permissions": "Path-Based Permissions",
  "Per API Limits and Quota Settings": "Per API Limits and Quota Settings",
  "Key Global": "Key Global",
  "Policy specific settings": "Policy specific settings",
  "Select an API to give access rights to the key holder. Once an API is added to the key we will automatically filter the authentication type to show the possible combinations.": "Select an API to give access rights to the key holder. Once an API is added to the key we will automatically filter the authentication type to show the possible combinations.",
  "All API added to this Key will automatically inherit and share the rate limits, throttling and quota set here.": "All API added to this Key will automatically inherit and share the rate limits, throttling and quota set here.",
  "Basic Authentication": "Basic Authentication",
  "Enter password": "Enter password",
  "JSON Web Token ID": "JSON Web Token ID",
  "JSON Web Token support currently works with HMAC secrets (shared) or RSA public keys, please enter either the shared secret or this users public key, depending on the security policy of your API. For JWT-enabled APIs, the user must include the token generated by saving this form and include it as the [kid] header in their JWT or as the [sub](subject) claim in the JWT main body, the [kid] header is always checked first.": "JSON Web Token support currently works with HMAC secrets (shared) or RSA public keys, please enter either the shared secret or this users public key, depending on the security policy of your API. For JWT-enabled APIs, the user must include the token generated by saving this form and include it as the [kid] header in their JWT or as the [sub](subject) claim in the JWT main body, the [kid] header is always checked first.",
  "Secret": "Secret",
  "Failed to upload certificate": "Failed to upload certificate",
  "Certificate uploaded": "Certificate uploaded",
  "Mutual TLS | Authenticate using your client certificate": "Mutual TLS | Authenticate using your client certificate",
  "Select certificate": "Select certificate",
  "Upload new certificate": "Upload new certificate",
  "Give your key an alias to remember it by": "Give your key an alias to remember it by",
  "Detailed Logging": "Detailed Logging",
  "Key expires": "Key expires",
  "Tags can be used both to group keys together and used as a filtering tool when viewing analytics in the Dashboard. Keys subscribed to a policy will inherit any policy tags.": "Tags can be used both to group keys together and used as a filtering tool when viewing analytics in the Dashboard. Keys subscribed to a policy will inherit any policy tags.",
  "Key tag name (case sensitive):": "Key tag name (case sensitive):",
  "Tags inherited from policies": "Tags inherited from policies",
  "Metadata": "Metadata",
  "Tyk Keys can hold metadata. These are a key/value pair that can be used in other middleware such as transforms and header injections to embed user-specific data into a request such as User IDs": "Tyk Keys can hold metadata. These are a key/value pair that can be used in other middleware such as transforms and header injections to embed user-specific data into a request such as User IDs",
  "Metadata key": "Metadata key",
  "Metadata inherited from policies": "Metadata inherited from policies",
  "Policies are a template that enable you to create access rules, usage quotas and rate limits that can be applied to multiple keys. They are a useful way to manage large groups of users, and to enforce quota changes on a global scale across any number of keys that are using a policy. When used in conjunction with the portal, developers that enroll for API access will be given a key that is attached to a specific policy. The policy settings are refreshed every time a key attempts access, meaning that updating a policy will have an effect across any keys that are attached to it.": "Policies are a template that enable you to create access rules, usage quotas and rate limits that can be applied to multiple keys. They are a useful way to manage large groups of users, and to enforce quota changes on a global scale across any number of keys that are using a policy. When used in conjunction with the portal, developers that enroll for API access will be given a key that is attached to a specific policy. The policy settings are refreshed every time a key attempts access, meaning that updating a policy will have an effect across any keys that are attached to it.",
  "Add {{entityName}}": "Add {{entityName}}",
  "Delete": "Delete",
  "Cancel": "Cancel",
  "Use this editor to set the access rules, rate limits, quotas and for a policy. A policy can include a combination of API (with matching authorization types), giving any key that is subscribed to this policy access to multiple APIs. Tyk tracks policies using their automatically generated internal ID.": "Use this editor to set the access rules, rate limits, quotas and for a policy. A policy can include a combination of API (with matching authorization types), giving any key that is subscribed to this policy access to multiple APIs. Tyk tracks policies using their automatically generated internal ID.",
  "Create {{entityName}}": "Create {{entityName}}",
  "Policy Name": "Policy Name",
  "Policy ID": "Policy ID",
  "eg. Default Policy": "eg. Default Policy",
  "Policy State": "Policy State",
  "Draft": "Draft",
  "Access Denied": "Access Denied",
  "All keys are active and new keys can be created.": "All keys are active and new keys can be created.",
  "All keys are active but no new keys can be created.": "All keys are active but no new keys can be created.",
  "All keys are deactivated and no keys can be created.": "All keys are deactivated and no keys can be created.",
  "Keys expire after": "Keys expire after",
  "eg. Company Name, Security": "eg. Company Name, Security",
  "Tyk keys can hold metadata. These are a key/value pair that can be used in other middleware such as transforms and header injections to embed user-specific data into a request such as User IDs.": "Tyk keys can hold metadata. These are a key/value pair that can be used in other middleware such as transforms and header injections to embed user-specific data into a request such as User IDs.",
  "Metadata Key": "Metadata Key",
  "Policy Name is a required field": "Policy Name is a required field",
  "Policy State is a required field": "Policy State is a required field",
  "You need to add access rights to at least one API": "You need to add access rights to at least one API",
  "You need to select at least one version of the API.": "You need to select at least one version of the API.",
  "You need to select at least one of the following options to partition a policy": "You need to select at least one of the following options to partition a policy",
  "{{entityName}} has been successfully updated": "{{entityName}} has been successfully updated",
  "{{entityName}} has been successfully created": "{{entityName}} has been successfully created",
  "{{entityName}} has been successfully deleted": "{{entityName}} has been successfully deleted",
  "Select an API to give access rights to the policy holders. Once an API is added to the policy we will automatically filter the authentication type to show the possible combinations.": "Select an API to give access rights to the policy holders. Once an API is added to the policy we will automatically filter the authentication type to show the possible combinations.",
  "All API added to this policy will automatically inherit and share the rate limits, throttling and quota set here.": "All API added to this policy will automatically inherit and share the rate limits, throttling and quota set here.",
  "Update {{entityName}}": "Update {{entityName}}",
  "Are you sure you want to apply these changes?": "Are you sure you want to apply these changes?",
  "Update": "Update",
  "Delete {{entityName}}": "Delete {{entityName}}",
  "Are you sure you want to delete this {{entityName}}?": "Are you sure you want to delete this {{entityName}}?"
}